0_date,newyorkcity,formaldate
2019-01-01,0.5562480479187001,2019-01-01
2019-01-02,0.6307586522636944,2019-01-02
2019-01-03,0.6516295416511881,2019-01-03
2019-01-04,0.6602959478265373,2019-01-04
2019-01-05,0.568681572458868,2019-01-05
2019-01-06,0.5574773649974486,2019-01-06
2019-01-07,0.6178268574554721,2019-01-07
2019-01-08,0.6266485463049224,2019-01-08
2019-01-09,0.6488742766336872,2019-01-09
2019-01-10,0.654100878187269,2019-01-10
2019-01-11,0.6499740806848621,2019-01-11
2019-01-12,0.5849190041081109,2019-01-12
2019-01-13,0.5487100554221105,2019-01-13
2019-01-14,0.6419532385684678,2019-01-14
2019-01-15,0.6400514552813856,2019-01-15
2019-01-16,0.6491416603154461,2019-01-16
2019-01-17,0.645873541063416,2019-01-17
2019-01-18,0.6353616732141407,2019-01-18
2019-01-19,0.5726392599443898,2019-01-19
2019-01-20,0.5036328060920336,2019-01-20
2019-01-21,0.5249157735426632,2019-01-21
2019-01-22,0.6323948338840704,2019-01-22
2019-01-23,0.6459928720766147,2019-01-23
2019-01-24,0.6354190467067418,2019-01-24
2019-01-25,0.6500082817825339,2019-01-25
2019-01-26,0.5963568833023741,2019-01-26
2019-01-27,0.5648546201045754,2019-01-27
2019-01-28,0.6530866294585401,2019-01-28
2019-01-29,0.6403280694666702,2019-01-29
2019-01-30,0.6339616146645817,2019-01-30
2019-01-31,0.6397013615081267,2019-01-31
2019-02-01,0.6411793278172759,2019-02-01
2019-02-02,0.5829996656775671,2019-02-02
2019-02-03,0.5711998981343958,2019-02-03
2019-02-04,0.6475367299171529,2019-02-04
2019-02-05,0.6418452638848546,2019-02-05
2019-02-06,0.6563838691862933,2019-02-06
2019-02-07,0.6649242776564886,2019-02-07
2019-02-08,0.6596838045112932,2019-02-08
2019-02-09,0.5935939471316003,2019-02-09
2019-02-10,0.5699540302345898,2019-02-10
2019-02-11,0.6385500746741494,2019-02-11
2019-02-12,0.5700024548849922,2019-02-12
2019-02-13,0.6451582009580218,2019-02-13
2019-02-14,0.6665398682216023,2019-02-14
2019-02-15,0.6669038791794198,2019-02-15
2019-02-16,0.6092558268697669,2019-02-16
2019-02-17,0.5797778869481768,2019-02-17
2019-02-18,0.5746672281964282,2019-02-18
2019-02-19,0.6329356387376441,2019-02-19
2019-02-20,0.6171638920368367,2019-02-20
2019-02-21,0.6478583750652517,2019-02-21
2019-02-22,0.6529770978908194,2019-02-22
2019-02-23,0.6147287515466872,2019-02-23
2019-02-24,0.5573337869509236,2019-02-24
2019-02-25,0.6630540354867429,2019-02-25
2019-02-26,0.6583472235674676,2019-02-26
2019-02-27,0.6642768559728591,2019-02-27
2019-02-28,0.6864917731770472,2019-02-28
2019-03-01,0.6632540033179093,2019-03-01
2019-03-02,0.5830498101453157,2019-03-02
2019-03-03,0.5634529680377285,2019-03-03
2019-03-04,0.5743236417863895,2019-03-04
2019-03-05,0.661067020118223,2019-03-05
2019-03-06,0.6671255724491016,2019-03-06
2019-03-07,0.6688222434703349,2019-03-07
2019-03-08,0.6805584190474481,2019-03-08
2019-03-09,0.6389178983790845,2019-03-09
2019-03-10,0.5719392732155689,2019-03-10
2019-03-11,0.6640639732835818,2019-03-11
2019-03-12,0.6664121762714522,2019-03-12
2019-03-13,0.6656337815148085,2019-03-13
2019-03-14,0.6858136484899028,2019-03-14
2019-03-15,0.6863953883954027,2019-03-15
2019-03-16,0.6364005362912416,2019-03-16
2019-03-17,0.5918302117851758,2019-03-17
2019-03-18,0.6710894029704756,2019-03-18
2019-03-19,0.679125135915107,2019-03-19
2019-03-20,0.6911214164278919,2019-03-20
2019-03-21,0.6735696435940076,2019-03-21
2019-03-22,0.6842028011191059,2019-03-22
2019-03-23,0.6423287521292929,2019-03-23
2019-03-24,0.6187253187708742,2019-03-24
2019-03-25,0.6815678595888932,2019-03-25
2019-03-26,0.69142033410118,2019-03-26
2019-03-27,0.7031160469844011,2019-03-27
2019-03-28,0.7083769229426162,2019-03-28
2019-03-29,0.7057712838763501,2019-03-29
2019-03-30,0.6622519145375997,2019-03-30
2019-03-31,0.6030486632194832,2019-03-31
2019-04-01,0.6738671273596553,2019-04-01
2019-04-02,0.6790869434283939,2019-04-02
2019-04-03,0.6693665717037759,2019-04-03
2019-04-04,0.6817922174635805,2019-04-04
2019-04-05,0.6760294019166411,2019-04-05
2019-04-06,0.6394905276320016,2019-04-06
2019-04-07,0.6073065291572846,2019-04-07
2019-04-08,0.6712426632699463,2019-04-08
2019-04-09,0.6711393241266339,2019-04-09
2019-04-10,0.6788611072271353,2019-04-10
2019-04-11,0.6719058672963685,2019-04-11
2019-04-12,0.6760058517861953,2019-04-12
2019-04-13,0.6356276644426067,2019-04-13
2019-04-14,0.5902237526893382,2019-04-14
2019-04-15,0.6549310880635159,2019-04-15
2019-04-16,0.6898325305739079,2019-04-16
2019-04-17,0.6866679159041791,2019-04-17
2019-04-18,0.6800299154506892,2019-04-18
2019-04-19,0.6688814621696608,2019-04-19
2019-04-20,0.6311603803467682,2019-04-20
2019-04-21,0.6151773971582128,2019-04-21
2019-04-22,0.6633389722755605,2019-04-22
2019-04-23,0.6910825390815887,2019-04-23
2019-04-24,0.6876963051308647,2019-04-24
2019-04-25,0.6845600697663228,2019-04-25
2019-04-26,0.6732662489689967,2019-04-26
2019-04-27,0.66146828983338,2019-04-27
2019-04-28,0.6336456554607985,2019-04-28
2019-04-29,0.6959813923654289,2019-04-29
2019-04-30,0.6950460210948579,2019-04-30
2019-05-01,0.6942450994453818,2019-05-01
2019-05-02,0.7045157109658537,2019-05-02
2019-05-03,0.7067375020289253,2019-05-03
2019-05-04,0.6338352571044662,2019-05-04
2019-05-05,0.5770475051749295,2019-05-05
2019-05-06,0.6866072401441335,2019-05-06
2019-05-07,0.6872499981488441,2019-05-07
2019-05-08,0.7052368487828466,2019-05-08
2019-05-09,0.6954425929276802,2019-05-09
2019-05-10,0.706378383136774,2019-05-10
2019-05-11,0.6490070346934372,2019-05-11
2019-05-12,0.5844877388150236,2019-05-12
2019-05-13,0.6598797039826685,2019-05-13
2019-05-14,0.6789790044526539,2019-05-14
2019-05-15,0.6910230218314876,2019-05-15
2019-05-16,0.6886841498937125,2019-05-16
2019-05-17,0.701045240398953,2019-05-17
2019-05-18,0.6614139937325522,2019-05-18
2019-05-19,0.6226257002953296,2019-05-19
2019-05-20,0.6895128824918642,2019-05-20
2019-05-21,0.7030896861302871,2019-05-21
2019-05-22,0.7083085642558417,2019-05-22
2019-05-23,0.6957066193489854,2019-05-23
2019-05-24,0.705768025345936,2019-05-24
2019-05-25,0.6660808539467897,2019-05-25
2019-05-26,0.6574427829629783,2019-05-26
2019-05-27,0.6199675522685848,2019-05-27
2019-05-28,0.6578065918752225,2019-05-28
2019-05-29,0.681071878499569,2019-05-29
2019-05-30,0.6893743442084153,2019-05-30
2019-05-31,0.7108168979899512,2019-05-31
2019-06-01,0.6435354237871301,2019-06-01
2019-06-02,0.6072554683909697,2019-06-02
2019-06-03,0.6807699788869325,2019-06-03
2019-06-04,0.6809038094847587,2019-06-04
2019-06-05,0.6857433054343688,2019-06-05
2019-06-06,0.6818357824970032,2019-06-06
2019-06-07,0.7156468807755451,2019-06-07
2019-06-08,0.6725051967966428,2019-06-08
2019-06-09,0.6310355362431389,2019-06-09
2019-06-10,0.6621288283065899,2019-06-10
2019-06-11,0.6761318403793279,2019-06-11
2019-06-12,0.6964414363207633,2019-06-12
2019-06-13,0.6778708546237571,2019-06-13
2019-06-14,0.7102709781041721,2019-06-14
2019-06-15,0.6813233954902634,2019-06-15
2019-06-16,0.6183674067962385,2019-06-16
2019-06-17,0.6948364554029556,2019-06-17
2019-06-18,0.6696460660322759,2019-06-18
2019-06-19,0.6772178454518779,2019-06-19
2019-06-20,0.6840386752101604,2019-06-20
2019-06-21,0.6890624352483463,2019-06-21
2019-06-22,0.6725247350418395,2019-06-22
2019-06-23,0.6522321895820924,2019-06-23
2019-06-24,0.6879148269597116,2019-06-24
2019-06-25,0.6730519643589284,2019-06-25
2019-06-26,0.7047679820692712,2019-06-26
2019-06-27,0.6893358088565529,2019-06-27
2019-06-28,0.6989718285832144,2019-06-28
2019-06-29,0.6542217314596855,2019-06-29
2019-06-30,0.6425452998436755,2019-06-30
2019-07-01,0.6680176695599034,2019-07-01
2019-07-02,0.688242461718764,2019-07-02
2019-07-03,0.6893520843704163,2019-07-03
2019-07-04,0.648348630242235,2019-07-04
2019-07-05,0.6776771131648786,2019-07-05
2019-07-06,0.6461602373072327,2019-07-06
2019-07-07,0.6414615724715486,2019-07-07
2019-07-08,0.6864546291812332,2019-07-08
2019-07-09,0.6976769683661884,2019-07-09
2019-07-10,0.6967161235562231,2019-07-10
2019-07-11,0.6784477335746851,2019-07-11
2019-07-12,0.7022839701190285,2019-07-12
2019-07-13,0.6789402850041322,2019-07-13
2019-07-14,0.6412317803524121,2019-07-14
2019-07-15,0.6980783442544809,2019-07-15
2019-07-16,0.6973030200133414,2019-07-16
2019-07-17,0.6741346924777679,2019-07-17
2019-07-18,0.6587411051176026,2019-07-18
2019-07-19,0.6937340635424369,2019-07-19
2019-07-20,0.6470351337152263,2019-07-20
2019-07-21,0.6086401973329847,2019-07-21
2019-07-22,0.6590004717844563,2019-07-22
2019-07-23,0.6621248948751085,2019-07-23
2019-07-24,0.7035395808429762,2019-07-24
2019-07-25,0.70884449896942,2019-07-25
2019-07-26,0.7082930790353441,2019-07-26
2019-07-27,0.679220505589798,2019-07-27
2019-07-28,0.6528386348806795,2019-07-28
2019-07-29,0.6907687152344743,2019-07-29
2019-07-30,0.6929955215366427,2019-07-30
2019-07-31,0.6907776308510679,2019-07-31
2019-08-01,0.7002946235068341,2019-08-01
2019-08-02,0.7093619260187813,2019-08-02
2019-08-03,0.6691351821208955,2019-08-03
2019-08-04,0.6527119502542497,2019-08-04
2019-08-05,0.6921821036377868,2019-08-05
2019-08-06,0.6711470359084823,2019-08-06
2019-08-07,0.6574645843279437,2019-08-07
2019-08-08,0.6722650871147505,2019-08-08
2019-08-09,0.7126108713492522,2019-08-09
2019-08-10,0.6887656665364251,2019-08-10
2019-08-11,0.66844856169679,2019-08-11
2019-08-12,0.692886183615287,2019-08-12
2019-08-13,0.6769842159822992,2019-08-13
2019-08-14,0.6928384083892272,2019-08-14
2019-08-15,0.7208093470825082,2019-08-15
2019-08-16,0.7140234992227751,2019-08-16
2019-08-17,0.6995544591876244,2019-08-17
2019-08-18,0.6567315520581036,2019-08-18
2019-08-19,0.6931307117144431,2019-08-19
2019-08-20,0.6977971506916083,2019-08-20
2019-08-21,0.6911584007180576,2019-08-21
2019-08-22,0.6967219215534335,2019-08-22
2019-08-23,0.6926227468812162,2019-08-23
2019-08-24,0.6817986974997161,2019-08-24
2019-08-25,0.6571697185034179,2019-08-25
2019-08-26,0.7078216914160905,2019-08-26
2019-08-27,0.6961403228754486,2019-08-27
2019-08-28,0.6912041546920473,2019-08-28
2019-08-29,0.7119900663068266,2019-08-29
2019-08-30,0.728734898443792,2019-08-30
2019-08-31,0.7074214584596715,2019-08-31
2019-09-01,0.6772757936347047,2019-09-01
2019-09-02,0.6115358633756593,2019-09-02
2019-09-03,0.7071906914572321,2019-09-03
2019-09-04,0.7162196344318804,2019-09-04
2019-09-05,0.7267970662393223,2019-09-05
2019-09-06,0.7147623153062101,2019-09-06
2019-09-07,0.6745923192134178,2019-09-07
2019-09-08,0.6416798459710202,2019-09-08
2019-09-09,0.7264255733940755,2019-09-09
2019-09-10,0.7132330985013057,2019-09-10
2019-09-11,0.7125812414486687,2019-09-11
2019-09-12,0.7198226753568292,2019-09-12
2019-09-13,0.72753003928977,2019-09-13
2019-09-14,0.6675528657073782,2019-09-14
2019-09-15,0.6442245075467221,2019-09-15
2019-09-16,0.7093524270540091,2019-09-16
2019-09-17,0.7170397210471786,2019-09-17
2019-09-18,0.7252793546180755,2019-09-18
2019-09-19,0.7173026492654958,2019-09-19
2019-09-20,0.7331431884933406,2019-09-20
2019-09-21,0.6759746042906521,2019-09-21
2019-09-22,0.651018859176686,2019-09-22
2019-09-23,0.7087629820796827,2019-09-23
2019-09-24,0.7250032840949336,2019-09-24
2019-09-25,0.7326908875495226,2019-09-25
2019-09-26,0.7216826878582288,2019-09-26
2019-09-27,0.7354206405739996,2019-09-27
2019-09-28,0.6778129106726439,2019-09-28
2019-09-29,0.6658663031279661,2019-09-29
2019-09-30,0.7017710211941943,2019-09-30
2019-10-01,0.6913440874971617,2019-10-01
2019-10-02,0.7156013759893913,2019-10-02
2019-10-03,0.7332025454547779,2019-10-03
2019-10-04,0.7449611145050016,2019-10-04
2019-10-05,0.6863417084439823,2019-10-05
2019-10-06,0.6551903049821396,2019-10-06
2019-10-07,0.7188318783018627,2019-10-07
2019-10-08,0.7349708864298837,2019-10-08
2019-10-09,0.6557983178343879,2019-10-09
2019-10-10,0.7137104350068839,2019-10-10
2019-10-11,0.7279901292632003,2019-10-11
2019-10-12,0.6852904975301934,2019-10-12
2019-10-13,0.6641555267077841,2019-10-13
2019-10-14,0.6569818726661198,2019-10-14
2019-10-15,0.7110446133628026,2019-10-15
2019-10-16,0.7126171778019778,2019-10-16
2019-10-17,0.7034941131340946,2019-10-17
2019-10-18,0.7252492101979399,2019-10-18
2019-10-19,0.6808810173791553,2019-10-19
2019-10-20,0.6325540261350239,2019-10-20
2019-10-21,0.7097211053008148,2019-10-21
2019-10-22,0.7086505612838279,2019-10-22
2019-10-23,0.7217317117134289,2019-10-23
2019-10-24,0.7316547412502437,2019-10-24
2019-10-25,0.7454531197213728,2019-10-25
2019-10-26,0.6857690771742632,2019-10-26
2019-10-27,0.6079364801362195,2019-10-27
2019-10-28,0.7259113812967559,2019-10-28
2019-10-29,0.7367142872039043,2019-10-29
2019-10-30,0.7413237539370681,2019-10-30
2019-10-31,0.7457470585336909,2019-10-31
2019-11-01,0.7433764267132139,2019-11-01
2019-11-02,0.6914961396250145,2019-11-02
2019-11-03,0.6409116814025821,2019-11-03
2019-11-04,0.7247507501452606,2019-11-04
2019-11-05,0.7016450051140674,2019-11-05
2019-11-06,0.7414802751294677,2019-11-06
2019-11-07,0.734007445987018,2019-11-07
2019-11-08,0.7352640266168475,2019-11-08
2019-11-09,0.6708197680976636,2019-11-09
2019-11-10,0.6411671084483032,2019-11-10
2019-11-11,0.675377845364286,2019-11-11
2019-11-12,0.7051569406620197,2019-11-12
2019-11-13,0.7251738049121174,2019-11-13
2019-11-14,0.7274255775007172,2019-11-14
2019-11-15,0.7282656539547896,2019-11-15
2019-11-16,0.6726818199720562,2019-11-16
2019-11-17,0.6275079693875365,2019-11-17
2019-11-18,0.7174548493191317,2019-11-18
2019-11-19,0.7094905015158941,2019-11-19
2019-11-20,0.7302453149152994,2019-11-20
2019-11-21,0.7480426943151192,2019-11-21
2019-11-22,0.7404865065963557,2019-11-22
2019-11-23,0.6688543630202618,2019-11-23
2019-11-24,0.6173556558671943,2019-11-24
2019-11-25,0.7280707296118433,2019-11-25
2019-11-26,0.7348987703483683,2019-11-26
2019-11-27,0.7359655929435025,2019-11-27
2019-11-28,0.6611211717092194,2019-11-28
2019-11-29,0.6932355920036346,2019-11-29
2019-11-30,0.6920522291795712,2019-11-30
2019-12-01,0.5764014506055477,2019-12-01
2019-12-02,0.6619112805477355,2019-12-02
2019-12-03,0.7133020165611353,2019-12-03
2019-12-04,0.727982666209232,2019-12-04
2019-12-05,0.7228281620540029,2019-12-05
2019-12-06,0.730057491208196,2019-12-06
2019-12-07,0.667687414569744,2019-12-07
2019-12-08,0.6327535313661501,2019-12-08
2019-12-09,0.7080194624446859,2019-12-09
2019-12-10,0.7256173020517788,2019-12-10
2019-12-11,0.7176886119797778,2019-12-11
2019-12-12,0.7198473881240679,2019-12-12
2019-12-13,0.7228938043936152,2019-12-13
2019-12-14,0.6640058074030056,2019-12-14
2019-12-15,0.6288762511779192,2019-12-15
2019-12-16,0.7120989970103451,2019-12-16
2019-12-17,0.6952585403247743,2019-12-17
2019-12-18,0.7119069684228441,2019-12-18
2019-12-19,0.7224912818868561,2019-12-19
2019-12-20,0.7328974679675069,2019-12-20
2019-12-21,0.6858235471066857,2019-12-21
2019-12-22,0.6618216568595661,2019-12-22
2019-12-23,0.705323159280895,2019-12-23
2019-12-24,0.7055132387845716,2019-12-24
2019-12-25,0.6342634623161826,2019-12-25
2019-12-26,0.6863921999939879,2019-12-26
2019-12-27,0.7122622794638284,2019-12-27
2019-12-28,0.6855392337245071,2019-12-28
2019-12-29,0.6578754339726618,2019-12-29
2019-12-30,0.6925270324479047,2019-12-30
2019-12-31,0.7283655205748538,2019-12-31
2020-01-01,0.6644488508807365,2020-01-01
2020-01-02,0.7368942943446234,2020-01-02
2020-01-03,0.7348998983755899,2020-01-03
2020-01-04,0.675714055130043,2020-01-04
2020-01-05,0.6427444866336002,2020-01-05
2020-01-06,0.7530485480380941,2020-01-06
2020-01-07,0.7512612719777788,2020-01-07
2020-01-08,0.7440443677947123,2020-01-08
2020-01-09,0.7669611165488336,2020-01-09
2020-01-10,0.7723323075241483,2020-01-10
2020-01-11,0.7165505926971395,2020-01-11
2020-01-12,0.6900905052253238,2020-01-12
2020-01-13,0.7544090576688924,2020-01-13
2020-01-14,0.7763349768535696,2020-01-14
2020-01-15,0.7774913237958367,2020-01-15
2020-01-16,0.7860264512527421,2020-01-16
2020-01-17,0.7727782736774771,2020-01-17
2020-01-18,0.663892147680784,2020-01-18
2020-01-19,0.6749332748082291,2020-01-19
2020-01-20,0.6934397241488401,2020-01-20
2020-01-21,0.7678508387683971,2020-01-21
2020-01-22,0.7938812833055202,2020-01-22
2020-01-23,0.7767506742896829,2020-01-23
2020-01-24,0.7905140113067782,2020-01-24
2020-01-25,0.6958630643566136,2020-01-25
2020-01-26,0.7013002774751621,2020-01-26
2020-01-27,0.7691251112451087,2020-01-27
2020-01-28,0.7762346994872128,2020-01-28
2020-01-29,0.7848343900461563,2020-01-29
2020-01-30,0.7946765922999043,2020-01-30
2020-01-31,0.8091932419769475,2020-01-31
2020-02-01,0.692753079071175,2020-02-01
2020-02-02,0.6561118664887041,2020-02-02
2020-02-03,0.7473529374922132,2020-02-03
2020-02-04,0.7627314285482171,2020-02-04
2020-02-05,0.7634766370741428,2020-02-05
2020-02-06,0.7545292616153532,2020-02-06
2020-02-07,0.7674239466383322,2020-02-07
2020-02-08,0.7118695964730483,2020-02-08
2020-02-09,0.6793075917946605,2020-02-09
2020-02-10,0.7575864394712114,2020-02-10
2020-02-11,0.7635130397009818,2020-02-11
2020-02-12,0.7702392146295425,2020-02-12
2020-02-13,0.7597904437113636,2020-02-13
2020-02-14,0.7843354668990359,2020-02-14
2020-02-15,0.7183589143706914,2020-02-15
2020-02-16,0.7088111729058004,2020-02-16
2020-02-17,0.7273882442704124,2020-02-17
2020-02-18,0.7590564885499962,2020-02-18
2020-02-19,0.7474140271879399,2020-02-19
2020-02-20,0.7624890282655856,2020-02-20
2020-02-21,0.7707022082180125,2020-02-21
2020-02-22,0.7299007584203997,2020-02-22
2020-02-23,0.7090737297211698,2020-02-23
2020-02-24,0.7822404064307901,2020-02-24
2020-02-25,0.5810013288745497,2020-02-25
2020-02-26,0.7865457871036209,2020-02-26
2020-02-27,0.7841189843669037,2020-02-27
2020-02-28,0.7929627759861154,2020-02-28
2020-02-29,0.7348699247710078,2020-02-29
2020-03-01,0.6561380382831133,2020-03-01
2020-03-02,0.7590793103441218,2020-03-02
2020-03-03,0.7642019001396715,2020-03-03
2020-03-04,0.7650096042553893,2020-03-04
2020-03-05,0.7810062166866079,2020-03-05
2020-03-06,0.7820484342833455,2020-03-06
2020-03-07,0.7137308128799503,2020-03-07
2020-03-08,0.6961386052480435,2020-03-08
2020-03-09,0.7713956754020117,2020-03-09
2020-03-10,0.7557608153069809,2020-03-10
2020-03-11,0.7488030747487784,2020-03-11
2020-03-12,0.730650241262686,2020-03-12
2020-03-13,0.734944412386667,2020-03-13
2020-03-14,0.6544222275387975,2020-03-14
2020-03-15,0.6204619418004436,2020-03-15
2020-03-16,0.6208674699697286,2020-03-16
2020-03-17,0.6035349136667926,2020-03-17
2020-03-18,0.5981143657937656,2020-03-18
2020-03-19,0.5696339532790201,2020-03-19
2020-03-20,0.5822364568263797,2020-03-20
2020-03-21,0.5313098103986506,2020-03-21
2020-03-22,0.5019419793705393,2020-03-22
2020-03-23,0.4764745912478481,2020-03-23
2020-03-24,0.5220180385850159,2020-03-24
2020-03-25,0.5197187514931936,2020-03-25
2020-03-26,0.5173806310919111,2020-03-26
2020-03-27,0.5264978320266134,2020-03-27
2020-03-28,0.4617885892419962,2020-03-28
2020-03-29,0.4436489250358861,2020-03-29
2020-03-30,0.4894901479317021,2020-03-30
2020-03-31,0.4836408006248377,2020-03-31
2020-04-01,0.4583043526294032,2020-04-01
2020-04-02,0.4452880944163247,2020-04-02
2020-04-03,0.4373174841334341,2020-04-03
2020-04-04,0.4569343104080159,2020-04-04
2020-04-05,0.4442103046070717,2020-04-05
2020-04-06,0.4658373092735182,2020-04-06
2020-04-07,0.4577352453713838,2020-04-07
2020-04-08,0.4588763493726749,2020-04-08
2020-04-09,0.4422613905218685,2020-04-09
2020-04-10,0.4624489237913622,2020-04-10
2020-04-11,0.4603155814417509,2020-04-11
2020-04-12,0.4256211619263553,2020-04-12
2020-04-13,0.4181908370022986,2020-04-13
2020-04-14,0.4716535490288064,2020-04-14
2020-04-15,0.4695477490846886,2020-04-15
2020-04-16,0.4597913583880547,2020-04-16
2020-04-17,0.4783782593266645,2020-04-17
2020-04-18,0.4595213527177752,2020-04-18
2020-04-19,0.4608859917106182,2020-04-19
2020-04-20,0.4755387827981183,2020-04-20
2020-04-21,0.4593997080504602,2020-04-21
2020-04-22,0.4949782929936616,2020-04-22
2020-04-23,0.485499151668689,2020-04-23
2020-04-24,0.4777035893335087,2020-04-24
2020-04-25,0.5124765478977062,2020-04-25
2020-04-26,0.4322912866873056,2020-04-26
2020-04-27,0.4872998531418175,2020-04-27
2020-04-28,0.5310852784687509,2020-04-28
2020-04-29,0.4932805271548005,2020-04-29
2020-04-30,0.5011267452798172,2020-04-30
2020-05-01,0.4714997920317767,2020-05-01
2020-05-02,0.5289029968439573,2020-05-02
2020-05-03,0.4833469745278871,2020-05-03
2020-05-04,0.4767136548399575,2020-05-04
2020-05-05,0.483493869403749,2020-05-05
2020-05-06,0.4639426874192094,2020-05-06
2020-05-07,0.4966454927221773,2020-05-07
2020-05-08,0.4753236633463541,2020-05-08
2020-05-09,0.4854942237270835,2020-05-09
2020-05-10,0.5048421567109481,2020-05-10
2020-05-11,0.4594288713372903,2020-05-11
2020-05-12,0.4982050419646749,2020-05-12
2020-05-13,0.5059105797948549,2020-05-13
2020-05-14,0.5145482328338474,2020-05-14
2020-05-15,0.538325704625052,2020-05-15
2020-05-16,0.5525406336305357,2020-05-16
2020-05-17,0.5023089842975194,2020-05-17
2020-05-18,0.5118168444254857,2020-05-18
2020-05-19,0.5031808875141692,2020-05-19
2020-05-20,0.521771681691603,2020-05-20
2020-05-21,0.5292721962431823,2020-05-21
2020-05-22,0.5548374885310737,2020-05-22
2020-05-23,0.4950205538523615,2020-05-23
2020-05-24,0.5508051784182794,2020-05-24
2020-05-25,0.5432960103285576,2020-05-25
2020-05-26,0.5520853147403562,2020-05-26
2020-05-27,0.5596903117853603,2020-05-27
2020-05-28,0.5373813164212878,2020-05-28
2020-05-29,0.580440369134276,2020-05-29
2020-05-30,0.5991819370364375,2020-05-30
2020-05-31,0.5569002979596049,2020-05-31
2020-06-01,0.5637530954745229,2020-06-01
2020-06-02,0.536110544795825,2020-06-02
2020-06-03,0.5417415026272834,2020-06-03
2020-06-04,0.5760138799688078,2020-06-04
2020-06-05,0.5629312931084439,2020-06-05
2020-06-06,0.5835634653251273,2020-06-06
2020-06-07,0.574066257301943,2020-06-07
2020-06-08,0.5869329229368669,2020-06-08
2020-06-09,0.5857531096982482,2020-06-09
2020-06-10,0.5725757866536911,2020-06-10
2020-06-11,0.5431873050351899,2020-06-11
2020-06-12,0.5999538263009323,2020-06-12
2020-06-13,0.6113947300422781,2020-06-13
2020-06-14,0.5840548193635345,2020-06-14
2020-06-15,0.571624572458032,2020-06-15
2020-06-16,0.581825971230942,2020-06-16
2020-06-17,0.5817285537807787,2020-06-17
2020-06-18,0.605849689180277,2020-06-18
2020-06-19,0.6148673623208569,2020-06-19
2020-06-20,0.6187982526840934,2020-06-20
2020-06-21,0.6071714431033608,2020-06-21
2020-06-22,0.6128387130812706,2020-06-22
2020-06-23,0.6199465357270135,2020-06-23
2020-06-24,0.6127797979635833,2020-06-24
2020-06-25,0.6173160557546467,2020-06-25
2020-06-26,0.6324990986917112,2020-06-26
2020-06-27,0.6033613080818789,2020-06-27
2020-06-28,0.5995192782562228,2020-06-28
2020-06-29,0.6326982782654443,2020-06-29
2020-06-30,0.6333793072192977,2020-06-30
2020-07-01,0.6213814618743617,2020-07-01
2020-07-02,0.6439479011638941,2020-07-02
2020-07-03,0.6401711894655329,2020-07-03
2020-07-04,0.6356554463329404,2020-07-04
2020-07-05,0.6061558027612668,2020-07-05
2020-07-06,0.6066473586200095,2020-07-06
2020-07-07,0.6116556974607317,2020-07-07
2020-07-08,0.6311545642235304,2020-07-08
2020-07-09,0.6422400296138969,2020-07-09
2020-07-10,0.5892770646884988,2020-07-10
2020-07-11,0.6229084541203016,2020-07-11
2020-07-12,0.6278112531653108,2020-07-12
2020-07-13,0.6334485415170887,2020-07-13
2020-07-14,0.6418279516160325,2020-07-14
2020-07-15,0.6517341122099822,2020-07-15
2020-07-16,0.6423550781976319,2020-07-16
2020-07-17,0.6318890273239579,2020-07-17
2020-07-18,0.6394224790950961,2020-07-18
2020-07-19,0.6077678532105666,2020-07-19
2020-07-20,0.6274919072096729,2020-07-20
2020-07-21,0.6418053409629569,2020-07-21
2020-07-22,0.6273094250258622,2020-07-22
2020-07-23,0.6260176711681749,2020-07-23
2020-07-24,0.6375110930862943,2020-07-24
2020-07-25,0.6476855115414122,2020-07-25
2020-07-26,0.6221467359344792,2020-07-26
2020-07-27,0.6207373935082314,2020-07-27
2020-07-28,0.6462241964036185,2020-07-28
2020-07-29,0.6596766457336716,2020-07-29
2020-07-30,0.6638833730599168,2020-07-30
2020-07-31,0.6692404062047027,2020-07-31
2020-08-01,0.6667349615206564,2020-08-01
2020-08-02,0.6234719331948144,2020-08-02
2020-08-03,0.6457565194410467,2020-08-03
2020-08-04,0.5885442595353232,2020-08-04
2020-08-05,0.6595008014522181,2020-08-05
2020-08-06,0.6561041790919274,2020-08-06
2020-08-07,0.6775337420565573,2020-08-07
2020-08-08,0.6760215296296077,2020-08-08
2020-08-09,0.6310912584765003,2020-08-09
2020-08-10,0.6548385216202479,2020-08-10
2020-08-11,0.6600964290978902,2020-08-11
2020-08-12,0.6444515759173649,2020-08-12
2020-08-13,0.6410228251796202,2020-08-13
2020-08-14,0.6955293607914645,2020-08-14
2020-08-15,0.6875458191935769,2020-08-15
2020-08-16,0.6132716435069342,2020-08-16
2020-08-17,0.6464591904880289,2020-08-17
2020-08-18,0.6689468499534726,2020-08-18
2020-08-19,0.6559236423904038,2020-08-19
2020-08-20,0.6818400041025761,2020-08-20
2020-08-21,0.6879101238632978,2020-08-21
2020-08-22,0.6974876932084236,2020-08-22
2020-08-23,0.6350872320817014,2020-08-23
2020-08-24,0.6627621603117579,2020-08-24
2020-08-25,0.6497349236426561,2020-08-25
2020-08-26,0.6751759465511409,2020-08-26
2020-08-27,0.6691222190847411,2020-08-27
2020-08-28,0.6773014022365861,2020-08-28
2020-08-29,0.6586825897445778,2020-08-29
2020-08-30,0.6517597905981541,2020-08-30
2020-08-31,0.6758220063434582,2020-08-31
2020-09-01,0.6666110858779974,2020-09-01
2020-09-02,0.6655028436164575,2020-09-02
2020-09-03,0.6700147659634785,2020-09-03
2020-09-04,0.6951972622683267,2020-09-04
2020-09-05,0.6961785635266446,2020-09-05
2020-09-06,0.6684092697231594,2020-09-06
2020-09-07,0.6343102413816202,2020-09-07
2020-09-08,0.6563182313444307,2020-09-08
2020-09-09,0.6592348418396551,2020-09-09
2020-09-10,0.6458148074048069,2020-09-10
2020-09-11,0.6866971599968834,2020-09-11
2020-09-12,0.6674024421525311,2020-09-12
2020-09-13,0.6245930296167423,2020-09-13
2020-09-14,0.6489329776401358,2020-09-14
2020-09-15,0.6567913874180099,2020-09-15
2020-09-16,0.6441960737916372,2020-09-16
2020-09-17,0.6504237641770605,2020-09-17
2020-09-18,0.6794969938605854,2020-09-18
2020-09-19,0.6852323993853695,2020-09-19
2020-09-20,0.6493637006624731,2020-09-20
2020-09-21,0.6390194114996878,2020-09-21
2020-09-22,0.6532860963014022,2020-09-22
2020-09-23,0.657512182083541,2020-09-23
2020-09-24,0.6645344290201334,2020-09-24
2020-09-25,0.6911786461432587,2020-09-25
2020-09-26,0.6819642222305365,2020-09-26
2020-09-27,0.6460320735106794,2020-09-27
2020-09-28,0.6506032651475577,2020-09-28
2020-09-29,0.6344683106842252,2020-09-29
2020-09-30,0.6701621209318664,2020-09-30
2020-10-01,0.6921917250793272,2020-10-01
2020-10-02,0.6870271456455838,2020-10-02
2020-10-03,0.6899649186224908,2020-10-03
2020-10-04,0.6450493925230538,2020-10-04
2020-10-05,0.6637772912253129,2020-10-05
2020-10-06,0.6560350416697114,2020-10-06
2020-10-07,0.6623397453099958,2020-10-07
2020-10-08,0.668032449357374,2020-10-08
2020-10-09,0.6917269020040683,2020-10-09
2020-10-10,0.6852636170029982,2020-10-10
2020-10-11,0.6464808352275827,2020-10-11
2020-10-12,0.5857807203869968,2020-10-12
2020-10-13,0.623291819378881,2020-10-13
2020-10-14,0.6703713383221682,2020-10-14
2020-10-15,0.6724246700748342,2020-10-15
2020-10-16,0.6481576364837797,2020-10-16
2020-10-17,0.6860378405828065,2020-10-17
2020-10-18,0.6255511202195554,2020-10-18
2020-10-19,0.6417808949005294,2020-10-19
2020-10-20,0.6431353730810555,2020-10-20
2020-10-21,0.6703236258215302,2020-10-21
2020-10-22,0.665308224136848,2020-10-22
2020-10-23,0.6808069540729341,2020-10-23
2020-10-24,0.6819737127533584,2020-10-24
2020-10-25,0.6370812615152591,2020-10-25
2020-10-26,0.6201172902741909,2020-10-26
2020-10-27,0.6558537432209661,2020-10-27
2020-10-28,0.6466843397990232,2020-10-28
2020-10-29,0.6171244315629381,2020-10-29
2020-10-30,0.6526780301330567,2020-10-30
2020-10-31,0.6892862338800645,2020-10-31
2020-11-01,0.6116097246880274,2020-11-01
2020-11-02,0.6416514955500311,2020-11-02
2020-11-03,0.64850845174299,2020-11-03
2020-11-04,0.659232076208641,2020-11-04
2020-11-05,0.6673307541235024,2020-11-05
2020-11-06,0.6953405305424464,2020-11-06
2020-11-07,0.6994663264426626,2020-11-07
2020-11-08,0.6430137948416093,2020-11-08
2020-11-09,0.6509258358869746,2020-11-09
2020-11-10,0.6631514823086203,2020-11-10
2020-11-11,0.6388831039071424,2020-11-11
2020-11-12,0.6421225812998353,2020-11-12
2020-11-13,0.6608999058426948,2020-11-13
2020-11-14,0.6663502328903507,2020-11-14
2020-11-15,0.6198531088675915,2020-11-15
2020-11-16,0.6412079721474853,2020-11-16
2020-11-17,0.6503998394963162,2020-11-17
2020-11-18,0.6340780751944526,2020-11-18
2020-11-19,0.6563099403544465,2020-11-19
2020-11-20,0.6778980690575316,2020-11-20
2020-11-21,0.6875429345810128,2020-11-21
2020-11-22,0.6275692446234511,2020-11-22
2020-11-23,0.6216685910930622,2020-11-23
2020-11-24,0.6593034152827765,2020-11-24
2020-11-25,0.646476469149297,2020-11-25
2020-11-26,0.6150483684289217,2020-11-26
2020-11-27,0.6829352037203938,2020-11-27
2020-11-28,0.6749753383544721,2020-11-28
2020-11-29,0.6274113256583851,2020-11-29
2020-11-30,0.5948144926818766,2020-11-30
2020-12-01,0.6445178306246279,2020-12-01
2020-12-02,0.6317690975412938,2020-12-02
2020-12-03,0.6466924282020571,2020-12-03
2020-12-04,0.6501459821216036,2020-12-04
2020-12-05,0.6287430359443898,2020-12-05
2020-12-06,0.6106738989169939,2020-12-06
2020-12-07,0.634340013496738,2020-12-07
2020-12-08,0.6431264214991296,2020-12-08
2020-12-09,0.6361196252514132,2020-12-09
2020-12-10,0.6364447273719518,2020-12-10
2020-12-11,0.6794223641419195,2020-12-11
2020-12-12,0.6579462444277882,2020-12-12
2020-12-13,0.6324906202650884,2020-12-13
2020-12-14,0.6041429302949166,2020-12-14
2020-12-15,0.6462912915970451,2020-12-15
2020-12-16,0.5957948581240051,2020-12-16
2020-12-17,0.5117685088538303,2020-12-17
2020-12-18,0.6514004958990203,2020-12-18
2020-12-19,0.6370452175963759,2020-12-19
2020-12-20,0.6012630957992459,2020-12-20
2020-12-21,0.636593434469709,2020-12-21
2020-12-22,0.6550361320643339,2020-12-22
2020-12-23,0.6894451467536235,2020-12-23
2020-12-24,0.6790512006606292,2020-12-24
2020-12-25,0.5708339154004782,2020-12-25
2020-12-26,0.643927627424194,2020-12-26
2020-12-27,0.6216144489554803,2020-12-27
2020-12-28,0.6516309612106101,2020-12-28
2020-12-29,0.6604907428708358,2020-12-29
2020-12-30,0.6766710225249646,2020-12-30
2020-12-31,0.669270223517215,2020-12-31
2021-01-01,0.5893308329976004,2021-01-01
2021-01-02,0.643758763006823,2021-01-02
2021-01-03,0.5668812752486783,2021-01-03
2021-01-04,0.6024069712467285,2021-01-04
2021-01-05,0.6088384563052887,2021-01-05
2021-01-06,0.6257429691056386,2021-01-06
2021-01-07,0.615384840147666,2021-01-07
2021-01-08,0.6264205654810793,2021-01-08
2021-01-09,0.6241437476401824,2021-01-09
2021-01-10,0.5990871531205697,2021-01-10
2021-01-11,0.6243570576848929,2021-01-11
2021-01-12,0.6291773736201816,2021-01-12
2021-01-13,0.6359478290791352,2021-01-13
2021-01-14,0.6428034237525218,2021-01-14
2021-01-15,0.6606495796832471,2021-01-15
2021-01-16,0.6304556638120914,2021-01-16
2021-01-17,0.6251742940951003,2021-01-17
2021-01-18,0.6295601399212278,2021-01-18
2021-01-19,0.6342301138840495,2021-01-19
2021-01-20,0.6205308312306949,2021-01-20
2021-01-21,0.6414923716108384,2021-01-21
2021-01-22,0.6503598060097239,2021-01-22
2021-01-23,0.6307675405044727,2021-01-23
2021-01-24,0.5890640986116958,2021-01-24
2021-01-25,0.6256413080440018,2021-01-25
2021-01-26,0.5939609998891402,2021-01-26
2021-01-27,0.6273159937815478,2021-01-27
2021-01-28,0.6238553014875668,2021-01-28
2021-01-29,0.6317413625777539,2021-01-29
2021-01-30,0.6320761194472748,2021-01-30
2021-01-31,0.5931559608416794,2021-01-31
2021-02-01,0.3991101023691218,2021-02-01
2021-02-02,0.4973915842899474,2021-02-02
2021-02-03,0.6054472182591178,2021-02-03
2021-02-04,0.6319266484957015,2021-02-04
2021-02-05,0.6394109952497837,2021-02-05
2021-02-06,0.6474142609246538,2021-02-06
2021-02-07,0.5279066815246426,2021-02-07
2021-02-08,0.6097443575398926,2021-02-08
2021-02-09,0.6079373462458965,2021-02-09
2021-02-10,0.6274833163704484,2021-02-10
2021-02-11,0.6260756478664471,2021-02-11
2021-02-12,0.6472808883734242,2021-02-12
2021-02-13,0.6469134287421899,2021-02-13
2021-02-14,0.6355946170577607,2021-02-14
2021-02-15,0.6226429407322269,2021-02-15
2021-02-16,0.6432983399589923,2021-02-16
2021-02-17,0.6633735954558065,2021-02-17
2021-02-18,0.558058406126039,2021-02-18
2021-02-19,0.6263282358804108,2021-02-19
2021-02-20,0.6539587527574385,2021-02-20
2021-02-21,0.6185775281812654,2021-02-21
2021-02-22,0.614655515321671,2021-02-22
2021-02-23,0.6380033596951845,2021-02-23
2021-02-24,0.6573314175158569,2021-02-24
2021-02-25,0.6525042560686461,2021-02-25
